{"cameraMode":{"drawMode":0,"name":"Shaded","section":"Shading Mode"},"sceneLighting":false,"audioPlay":false,"sceneViewState":{"m_AlwaysRefresh":false,"showFog":true,"showSkybox":false,"showFlares":true,"showImageEffects":true,"showParticleSystems":true,"showVisualEffectGraphs":true,"m_FxEnabled":true},"in2DMode":false,"pivot":{"x":0.00025790929794311523,"y":0.07500000298023224,"z":0.00018358975648880005},"rotation":{"x":0.08487887680530548,"y":0.8145465850830078,"z":-0.12336748838424683,"w":0.5604621171951294},"size":0.1422146111726761,"orthographic":false}