{"cameraMode":{"drawMode":0,"name":"Shaded","section":"Shading Mode"},"sceneLighting":false,"audioPlay":false,"sceneViewState":{"m_AlwaysRefresh":false,"showFog":true,"showSkybox":false,"showFlares":true,"showImageEffects":true,"showParticleSystems":true,"showVisualEffectGraphs":true,"m_FxEnabled":true},"in2DMode":false,"pivot":{"x":6.289999961853027,"y":3.6100006103515627,"z":2.935999870300293},"rotation":{"x":0.11956983804702759,"y":0.08633860945701599,"z":-0.010441967286169529,"w":0.9890490770339966},"size":7.058060169219971,"orthographic":false}