{"cameraMode":{"drawMode":0,"name":"Shaded","section":"Shading Mode"},"sceneLighting":false,"audioPlay":false,"sceneViewState":{"m_AlwaysRefresh":false,"showFog":true,"showSkybox":false,"showFlares":true,"showImageEffects":true,"showParticleSystems":true,"showVisualEffectGraphs":true,"m_FxEnabled":true},"in2DMode":false,"pivot":{"x":0.14328522980213166,"y":-0.23720724880695344,"z":-0.10366353392601013},"rotation":{"x":-0.04063241183757782,"y":0.7781637907028198,"z":-0.05043717846274376,"w":-0.6247857809066773},"size":1.092748999595642,"orthographic":false}