{"cameraMode":{"drawMode":0,"name":"Shaded","section":"Shading Mode"},"sceneLighting":false,"audioPlay":false,"sceneViewState":{"m_AlwaysRefresh":false,"showFog":true,"showSkybox":false,"showFlares":true,"showImageEffects":true,"showParticleSystems":true,"showVisualEffectGraphs":true,"m_FxEnabled":true},"in2DMode":false,"pivot":{"x":0.15271976590156556,"y":0.1374705582857132,"z":0.005787451285868883},"rotation":{"x":-0.0044441260397434238,"y":0.7224308252334595,"z":-0.004481742158532143,"w":-0.6914801597595215},"size":1.2951942682266236,"orthographic":false}