{"cameraMode":{"drawMode":0,"name":"Shaded","section":"Shading Mode"},"sceneLighting":true,"audioPlay":false,"sceneViewState":{"m_AlwaysRefresh":false,"showFog":true,"showSkybox":true,"showFlares":true,"showImageEffects":true,"showParticleSystems":true,"showVisualEffectGraphs":true,"m_FxEnabled":true},"in2DMode":false,"pivot":{"x":-8.110481262207032,"y":4.003700256347656,"z":-4.623454570770264},"rotation":{"x":-0.09198484569787979,"y":-0.16243134438991548,"z":0.014885272830724717,"w":-0.9823878407478333},"size":1.2247449159622193,"orthographic":false}