{"cameraMode":{"drawMode":0,"name":"Shaded","section":"Shading Mode"},"sceneLighting":true,"audioPlay":false,"sceneViewState":{"m_AlwaysRefresh":false,"showFog":true,"showSkybox":true,"showFlares":true,"showImageEffects":true,"showParticleSystems":true,"showVisualEffectGraphs":true,"m_FxEnabled":true},"in2DMode":false,"pivot":{"x":0.32218441367149355,"y":7.460637092590332,"z":18.83865737915039},"rotation":{"x":-0.0007052129949443042,"y":-0.9556913375854492,"z":0.2943841516971588,"w":-0.0022872495464980604},"size":1.4137706756591797,"orthographic":false}