{"cameraMode":{"drawMode":0,"name":"Shaded","section":"Shading Mode"},"sceneLighting":true,"audioPlay":false,"sceneViewState":{"m_AlwaysRefresh":false,"showFog":true,"showSkybox":false,"showFlares":true,"showImageEffects":true,"showParticleSystems":true,"showVisualEffectGraphs":true,"m_FxEnabled":true},"in2DMode":false,"pivot":{"x":1.0680086612701417,"y":0.6107962131500244,"z":0.9638131260871887},"rotation":{"x":-0.07884250581264496,"y":0.7339708805084229,"z":-0.08651042729616165,"w":-0.6691043972969055},"size":0.36899900436401369,"orthographic":false}