{"cameraMode":{"drawMode":0,"name":"Shaded","section":"Shading Mode"},"sceneLighting":false,"audioPlay":false,"sceneViewState":{"m_AlwaysRefresh":false,"showFog":true,"showSkybox":false,"showFlares":true,"showImageEffects":true,"showParticleSystems":true,"showVisualEffectGraphs":true,"m_FxEnabled":true},"in2DMode":false,"pivot":{"x":0.16291773319244386,"y":-0.0080641508102417,"z":0.05780231952667236},"rotation":{"x":-0.11795645952224732,"y":0.7322145700454712,"z":-0.13114959001541139,"w":-0.6579092144966126},"size":1.29275643825531,"orthographic":false}