{"cameraMode":{"drawMode":0,"name":"Shaded","section":"Shading Mode"},"sceneLighting":true,"audioPlay":false,"sceneViewState":{"m_AlwaysRefresh":false,"showFog":true,"showSkybox":false,"showFlares":true,"showImageEffects":true,"showParticleSystems":true,"showVisualEffectGraphs":true,"m_FxEnabled":true},"in2DMode":false,"pivot":{"x":0.4406721293926239,"y":0.27250051498413088,"z":1.0169458389282227},"rotation":{"x":-0.05200411006808281,"y":0.8136649131774902,"z":-0.07369028031826019,"w":-0.5743951201438904},"size":0.3689991533756256,"orthographic":false}