{"cameraMode":{"drawMode":0,"name":"Shaded","section":"Shading Mode"},"sceneLighting":false,"audioPlay":false,"sceneViewState":{"m_AlwaysRefresh":false,"showFog":true,"showSkybox":false,"showFlares":true,"showImageEffects":true,"showParticleSystems":true,"showVisualEffectGraphs":true,"m_FxEnabled":true},"in2DMode":false,"pivot":{"x":-0.7823047041893005,"y":1.4766530990600587,"z":0.2742101848125458},"rotation":{"x":0.008685349486768246,"y":0.03177802637219429,"z":0.00031469849636778235,"w":-0.9994917511940002},"size":0.00003123579153907485,"orthographic":false}