{"cameraMode":{"drawMode":0,"name":"Shaded","section":"Shading Mode"},"sceneLighting":false,"audioPlay":false,"sceneViewState":{"m_AlwaysRefresh":false,"showFog":true,"showSkybox":false,"showFlares":true,"showImageEffects":true,"showParticleSystems":true,"showVisualEffectGraphs":true,"m_FxEnabled":true},"in2DMode":false,"pivot":{"x":-0.26876378059387209,"y":1.0916067361831666,"z":1.9225813150405884},"rotation":{"x":-0.024518610909581186,"y":0.8002644777297974,"z":-0.03261232748627663,"w":-0.5983330011367798},"size":0.8660253882408142,"orthographic":false}