{"cameraMode":{"drawMode":0,"name":"Shaded","section":"Shading Mode"},"sceneLighting":false,"audioPlay":false,"sceneViewState":{"m_AlwaysRefresh":false,"showFog":true,"showSkybox":false,"showFlares":true,"showImageEffects":true,"showParticleSystems":true,"showVisualEffectGraphs":true,"m_FxEnabled":true},"in2DMode":false,"pivot":{"x":0.4068942070007324,"y":2.421783685684204,"z":1.7940630912780762},"rotation":{"x":-0.23136356472969056,"y":0.3763253092765808,"z":-0.09758841246366501,"w":-0.8918531537055969},"size":0.8660253882408142,"orthographic":false}