{"cameraMode":{"drawMode":0,"name":"Shaded","section":"Shading Mode"},"sceneLighting":false,"audioPlay":false,"sceneViewState":{"m_AlwaysRefresh":false,"showFog":true,"showSkybox":false,"showFlares":true,"showImageEffects":true,"showParticleSystems":true,"showVisualEffectGraphs":true,"m_FxEnabled":true},"in2DMode":false,"pivot":{"x":0.5757059454917908,"y":-0.34757599234580996,"z":0.9707558751106262},"rotation":{"x":0.06995640695095062,"y":-0.6943840384483337,"z":0.06813637912273407,"w":0.7129738926887512},"size":0.22518318891525269,"orthographic":false}