{"cameraMode":{"drawMode":0,"name":"Shaded","section":"Shading Mode"},"sceneLighting":false,"audioPlay":false,"sceneViewState":{"m_AlwaysRefresh":false,"showFog":true,"showSkybox":false,"showFlares":true,"showImageEffects":true,"showParticleSystems":true,"showVisualEffectGraphs":true,"m_FxEnabled":true},"in2DMode":false,"pivot":{"x":-1.6816432476043702,"y":1.6088560819625855,"z":-7.325809478759766},"rotation":{"x":0.13783250749111176,"y":-0.5977396368980408,"z":0.10526297241449356,"w":0.7827262282371521},"size":0.7604645490646362,"orthographic":false}