{"cameraMode":{"drawMode":0,"name":"Shaded","section":"Shading Mode"},"sceneLighting":false,"audioPlay":false,"sceneViewState":{"m_AlwaysRefresh":false,"showFog":true,"showSkybox":false,"showFlares":true,"showImageEffects":true,"showParticleSystems":true,"showVisualEffectGraphs":true,"m_FxEnabled":true},"in2DMode":false,"pivot":{"x":0.05433497950434685,"y":0.6794968247413635,"z":-0.7313211560249329},"rotation":{"x":0.00012456958938855678,"y":0.9997922778129578,"z":-0.006308282725512981,"w":0.019800299778580667},"size":1.3242905139923096,"orthographic":false}