{"cameraMode":{"drawMode":0,"name":"Shaded","section":"Shading Mode"},"sceneLighting":false,"audioPlay":false,"sceneViewState":{"m_AlwaysRefresh":false,"showFog":true,"showSkybox":false,"showFlares":true,"showImageEffects":true,"showParticleSystems":true,"showVisualEffectGraphs":true,"m_FxEnabled":true},"in2DMode":false,"pivot":{"x":-17.714317321777345,"y":10.74697208404541,"z":-31.094650268554689},"rotation":{"x":0.19273245334625245,"y":0.6558296084403992,"z":-0.17850711941719056,"w":0.7077701687812805},"size":0.8660253882408142,"orthographic":false}