{"cameraMode":{"drawMode":0,"name":"Shaded","section":"Shading Mode"},"sceneLighting":false,"audioPlay":false,"sceneViewState":{"m_AlwaysRefresh":false,"showFog":true,"showSkybox":false,"showFlares":true,"showImageEffects":true,"showParticleSystems":true,"showVisualEffectGraphs":true,"m_FxEnabled":true},"in2DMode":false,"pivot":{"x":0.4954010248184204,"y":-0.24464035034179688,"z":0.7484824061393738},"rotation":{"x":0.11816004663705826,"y":-0.07855038344860077,"z":0.009383618831634522,"w":0.9898591041564941},"size":0.029860280454158784,"orthographic":false}