{"cameraMode":{"drawMode":0,"name":"Shaded","section":"Shading Mode"},"sceneLighting":false,"audioPlay":false,"sceneViewState":{"m_AlwaysRefresh":false,"showFog":true,"showSkybox":false,"showFlares":true,"showImageEffects":true,"showParticleSystems":true,"showVisualEffectGraphs":true,"m_FxEnabled":true},"in2DMode":false,"pivot":{"x":-0.013636648654937745,"y":-0.005492031574249268,"z":0.7454758882522583},"rotation":{"x":-0.010336564853787423,"y":0.9871626496315002,"z":-0.07150790095329285,"w":-0.1428382694721222},"size":1.0436872243881226,"orthographic":false}