{"cameraMode":{"drawMode":0,"name":"Shaded","section":"Shading Mode"},"sceneLighting":true,"audioPlay":false,"sceneViewState":{"m_AlwaysRefresh":false,"showFog":true,"showSkybox":true,"showFlares":true,"showImageEffects":true,"showParticleSystems":true,"showVisualEffectGraphs":true,"m_FxEnabled":true},"in2DMode":false,"pivot":{"x":2.1977450847625734,"y":1.4561879634857178,"z":-0.34754207730293276},"rotation":{"x":0.045471541583538058,"y":0.33647584915161135,"z":-0.016266366466879846,"w":0.9404966831207275},"size":1.1739200353622437,"orthographic":false}