{"cameraMode":{"drawMode":0,"name":"Shaded","section":"Shading Mode"},"sceneLighting":true,"audioPlay":false,"sceneViewState":{"m_AlwaysRefresh":false,"showFog":true,"showSkybox":true,"showFlares":true,"showImageEffects":true,"showParticleSystems":true,"showVisualEffectGraphs":true,"m_FxEnabled":true},"in2DMode":false,"pivot":{"x":1.0143895149230958,"y":6.752793312072754,"z":-14.801569938659668},"rotation":{"x":-0.0016934834420681,"y":-0.9971355199813843,"z":0.07222772389650345,"w":-0.023331185802817346},"size":0.8660253882408142,"orthographic":false}