{"cameraMode":{"drawMode":0,"name":"Shaded","section":"Shading Mode"},"sceneLighting":true,"audioPlay":false,"sceneViewState":{"m_AlwaysRefresh":false,"showFog":true,"showSkybox":true,"showFlares":true,"showImageEffects":true,"showParticleSystems":true,"showVisualEffectGraphs":true,"m_FxEnabled":true},"in2DMode":false,"pivot":{"x":17.554824829101564,"y":4.21308708190918,"z":3.9063918590545656},"rotation":{"x":0.000750573817640543,"y":0.998972475528717,"z":0.041671719402074817,"w":-0.017998220399022104},"size":12.124356269836426,"orthographic":false}