{"cameraMode":{"drawMode":0,"name":"Shaded","section":"Shading Mode"},"sceneLighting":true,"audioPlay":false,"sceneViewState":{"m_AlwaysRefresh":false,"showFog":true,"showSkybox":true,"showFlares":true,"showImageEffects":true,"showParticleSystems":true,"showVisualEffectGraphs":true,"m_FxEnabled":true},"in2DMode":false,"pivot":{"x":1.5766922235488892,"y":1.526865839958191,"z":2.5227086544036867},"rotation":{"x":0.10284939408302307,"y":0.5590208172798157,"z":-0.07013488560914993,"w":0.8197609782218933},"size":0.6823835968971252,"orthographic":false}