{"cameraMode":{"drawMode":0,"name":"Shaded","section":"Shading Mode"},"sceneLighting":true,"audioPlay":false,"sceneViewState":{"m_AlwaysRefresh":false,"showFog":true,"showSkybox":true,"showFlares":true,"showImageEffects":true,"showParticleSystems":true,"showVisualEffectGraphs":true,"m_FxEnabled":true},"in2DMode":false,"pivot":{"x":4.393009185791016,"y":2.2561914920806886,"z":-0.08848200738430023},"rotation":{"x":0.09112006425857544,"y":-0.7239471077919006,"z":0.09744802117347717,"w":0.6768545508384705},"size":0.23043784499168397,"orthographic":false}