{"cameraMode":{"drawMode":0,"name":"Shaded","section":"Shading Mode"},"sceneLighting":true,"audioPlay":false,"sceneViewState":{"m_AlwaysRefresh":false,"showFog":true,"showSkybox":true,"showFlares":true,"showImageEffects":true,"showParticleSystems":true,"showVisualEffectGraphs":true,"m_FxEnabled":true},"in2DMode":false,"pivot":{"x":69.30206298828125,"y":6.061180591583252,"z":13.151057243347168},"rotation":{"x":0.03764950484037399,"y":0.0898926630616188,"z":-0.0034007818903774025,"w":0.9952759146690369},"size":1.1739200353622437,"orthographic":false}